pais,anio,archivo,fuente_excel
Argentina,1997,MIP\Argentina\MIP_Argentina_1997.xlsx,output\matrices_insumo_producto\Argentina\MIP_Argentina_1997.xlsx
Argentina,2004,MIP\Argentina\MIP_Argentina_2004.xlsx,output\matrices_insumo_producto\Argentina\MIP_Argentina_2004.xlsx
Argentina,2018,MIP\Argentina\MIP_Argentina_2018.xlsx,output\matrices_insumo_producto\Argentina\MIP_Argentina_2018.xlsx
Argentina,2019,MIP\Argentina\MIP_Argentina_2019.xlsx,output\matrices_insumo_producto\Argentina\MIP_Argentina_2019.xlsx
Argentina,2020,MIP\Argentina\MIP_Argentina_2020.xlsx,output\matrices_insumo_producto\Argentina\MIP_Argentina_2020.xlsx
Argentina,2021,MIP\Argentina\MIP_Argentina_2021.xlsx,output\matrices_insumo_producto\Argentina\MIP_Argentina_2021.xlsx
Brasil,2000,MIP\Brasil\MIP_Brasil_2000.xlsx,output\matrices_insumo_producto\Brasil\MIP_Brasil_2000.xlsx
Brasil,2001,MIP\Brasil\MIP_Brasil_2001.xlsx,output\matrices_insumo_producto\Brasil\MIP_Brasil_2001.xlsx
Brasil,2002,MIP\Brasil\MIP_Brasil_2002.xlsx,output\matrices_insumo_producto\Brasil\MIP_Brasil_2002.xlsx
Brasil,2003,MIP\Brasil\MIP_Brasil_2003.xlsx,output\matrices_insumo_producto\Brasil\MIP_Brasil_2003.xlsx
Brasil,2004,MIP\Brasil\MIP_Brasil_2004.xlsx,output\matrices_insumo_producto\Brasil\MIP_Brasil_2004.xlsx
Brasil,2005,MIP\Brasil\MIP_Brasil_2005.xlsx,output\matrices_insumo_producto\Brasil\MIP_Brasil_2005.xlsx
Brasil,2006,MIP\Brasil\MIP_Brasil_2006.xlsx,output\matrices_insumo_producto\Brasil\MIP_Brasil_2006.xlsx
Brasil,2007,MIP\Brasil\MIP_Brasil_2007.xlsx,output\matrices_insumo_producto\Brasil\MIP_Brasil_2007.xlsx
Brasil,2008,MIP\Brasil\MIP_Brasil_2008.xlsx,output\matrices_insumo_producto\Brasil\MIP_Brasil_2008.xlsx
Brasil,2009,MIP\Brasil\MIP_Brasil_2009.xlsx,output\matrices_insumo_producto\Brasil\MIP_Brasil_2009.xlsx
Brasil,2010,MIP\Brasil\MIP_Brasil_2010.xlsx,output\matrices_insumo_producto\Brasil\MIP_Brasil_2010.xlsx
Brasil,2011,MIP\Brasil\MIP_Brasil_2011.xlsx,output\matrices_insumo_producto\Brasil\MIP_Brasil_2011.xlsx
Brasil,2012,MIP\Brasil\MIP_Brasil_2012.xlsx,output\matrices_insumo_producto\Brasil\MIP_Brasil_2012.xlsx
Brasil,2013,MIP\Brasil\MIP_Brasil_2013.xlsx,output\matrices_insumo_producto\Brasil\MIP_Brasil_2013.xlsx
Brasil,2014,MIP\Brasil\MIP_Brasil_2014.xlsx,output\matrices_insumo_producto\Brasil\MIP_Brasil_2014.xlsx
Brasil,2015,MIP\Brasil\MIP_Brasil_2015.xlsx,output\matrices_insumo_producto\Brasil\MIP_Brasil_2015.xlsx
Brasil,2016,MIP\Brasil\MIP_Brasil_2016.xlsx,output\matrices_insumo_producto\Brasil\MIP_Brasil_2016.xlsx
Brasil,2017,MIP\Brasil\MIP_Brasil_2017.xlsx,output\matrices_insumo_producto\Brasil\MIP_Brasil_2017.xlsx
Brasil,2018,MIP\Brasil\MIP_Brasil_2018.xlsx,output\matrices_insumo_producto\Brasil\MIP_Brasil_2018.xlsx
Brasil,2019,MIP\Brasil\MIP_Brasil_2019.xlsx,output\matrices_insumo_producto\Brasil\MIP_Brasil_2019.xlsx
Brasil,2020,MIP\Brasil\MIP_Brasil_2020.xlsx,output\matrices_insumo_producto\Brasil\MIP_Brasil_2020.xlsx
Brasil,2021,MIP\Brasil\MIP_Brasil_2021.xlsx,output\matrices_insumo_producto\Brasil\MIP_Brasil_2021.xlsx
Mexico,2003,MIP\Mexico\MIP_Mexico_2003.xlsx,output\matrices_insumo_producto\Mexico\MIP_Mexico_2003.xlsx
Mexico,2008,MIP\Mexico\MIP_Mexico_2008.xlsx,output\matrices_insumo_producto\Mexico\MIP_Mexico_2008.xlsx
Mexico,2013,MIP\Mexico\MIP_Mexico_2013.xlsx,output\matrices_insumo_producto\Mexico\MIP_Mexico_2013.xlsx
Mexico,2018,MIP\Mexico\MIP_Mexico_2018.xlsx,output\matrices_insumo_producto\Mexico\MIP_Mexico_2018.xlsx
Uruguay,2016,MIP\Uruguay\MIP_Uruguay_2016.xlsx,output\matrices_insumo_producto\Uruguay\MIP_Uruguay_2016.xlsx
Uruguay,2017,MIP\Uruguay\MIP_Uruguay_2017.xlsx,output\matrices_insumo_producto\Uruguay\MIP_Uruguay_2017.xlsx
