pais,anio,variante,n,libro,libro_es,libro_dif_pct,importado_pct,dom_mult_medio,dom_mult_mediano,dom_mult_max,dom_mult_pond,dom_directo_medio,dom_indirecto_medio,dom_a_max,dom_ci_sobre_vbp,dom_claves,dom_z_suma,tot_mult_medio,tot_mult_mediano,tot_mult_max,tot_mult_pond,tot_directo_medio,tot_indirecto_medio,tot_a_max,tot_ci_sobre_vbp,tot_claves,tot_z_suma,dif_mult_medio_pct,dif_mult_pond_pct,dif_directo_medio_pct,dif_indirecto_medio_pct,dif_ci_sobre_vbp_pct,ras_dom,ras_tot,min_dA,min_dL,celdas_dA_neg_pct,min_dcol_A,min_dmult,spearman_mult,spearman_fl,top10_comun,cambian_tipo,check_Lf_x_dom,check_Lf_x_tot,sector_max_gap,sector_max_gap_nombre,max_gap_pct,libro_z
Argentina,1997,MIPAr97 · sin prorrateo,124,MIP_Argentina_1997_LIBRO.xlsx,doméstica,1.4121548375101156e-08,9.870616905065887,1.7524941421998317,1.7484997355754694,2.506019984388336,1.63176674070972,0.4418310101709284,0.3106631320289032,0.8607179461184842,0.3778480078808191,14,167856140.71029615,2.039740638515403,2.1144971461475346,2.727651941413494,1.8030429007620665,0.521762727640088,0.5179779108753154,0.9118667815983771,0.41922844127627984,16,186239087.57202047,16.390725047160657,10.496362977581697,18.091015711694137,66.73298421105346,10.951608194931373,True,True,-6.13622534196348e-05,-5.9542420950187136e-05,9.501821019771072,0.0,0.0,0.7992698662470494,0.9253100018883363,5,33,1.677142715298036e-17,1.677142715298036e-17,86,Vehículos automotores,66.06166173412544,167856140.73400003
Argentina,2004,COU · prorrateo,162,MIP_Argentina_2004_LIBRO.xlsx,doméstica,1.6025392124419113e-08,10.000710698703397,1.7546754570273648,1.7533515915279811,2.66054932710359,1.7464339963625306,0.43198380898415933,0.32269164804320544,0.8693958924148408,0.42779275495462704,25,357040875.4162172,1.9763573080608203,2.010811449695993,2.881262617518478,1.941659199382071,0.4900192177102605,0.4863380903505601,0.8841062603467059,0.47532903679103156,26,396715216.517908,12.63378080234916,11.178504508395681,13.434625909377385,50.712946337378995,11.111988523846406,False,False,0.0,0.0,0.0,0.0,0.0,0.8989783518991308,0.961681011000302,5,24,2.6781004240934283e-17,1.7854002827289524e-17,FABRICACION DE TRANSMISORES DE,Fabricacion de transmisores de radio y telev,98.58022322297096,357040875.359
Argentina,2018,COU · prorrateo,107,MIP_Argentina_2018_LIBRO.xlsx,doméstica,1.2225775947172224e-10,11.269886123904072,1.746192916648865,1.775464073464809,2.516902518511035,1.6893192445982006,0.42563975720099023,0.32055315944787494,0.7964783289332242,0.39836067957021354,17,9532493818.893345,2.0108128316687255,2.036716932147108,3.3679820986304816,1.893558804313314,0.49335541037526454,0.5174574212934605,0.8459576160205817,0.4489577012450254,17,10743245334.052725,15.154105396767669,12.090051088223476,15.909146650109207,61.42639872423536,12.701309207876733,True,False,-0.007496104341891258,-0.007063139163261279,6.332430779980784,0.0,0.0,0.8985775583377418,0.9742916487047851,3,16,3.415472877123963e-14,1.494518470153426e-17,FABRICACION DE TUBOS VALVULAS ,"Fabricación de tubos, válvulas y otros compo",84.20950500358995,9532493818.904999
Argentina,2019,COU · prorrateo,107,MIP_Argentina_2019_LIBRO.xlsx,doméstica,2.7572388816565763e-10,10.327260439136943,1.7450050287576138,1.778023677674799,2.521681269551144,1.7016182873168013,0.4251804972124811,0.31982453154513274,0.7960074020654826,0.40431584157565553,17,14213506758.07019,1.9880502977969514,2.030405566896684,3.23752155587871,1.886684222205598,0.4898712192403463,0.49817907855660537,0.8440915200864926,0.45087932358890026,20,15850421017.21799,13.928055508950465,10.875878348758118,15.214884608297652,55.76637481490494,11.516610833694418,True,False,-0.001267567798439206,-0.000999586156926322,7.904620490872566,0.0,0.0,0.8975391367385724,0.9759474076106126,4,16,2.8084380175401278e-14,2.0346085613669122e-17,FABRICACION DE TUBOS VALVULAS ,"Fabricación de tubos, válvulas y otros compo",76.97078207739582,14213506758.031
Argentina,2020,COU · prorrateo,107,MIP_Argentina_2020_LIBRO.xlsx,doméstica,1.7197354651443675e-10,10.404151021898711,1.7489276177962163,1.7682525435174485,2.4903802006210727,1.7060906367409272,0.4273986437403696,0.32152897405584674,0.8001755548864118,0.40647218936324137,18,18023888411.814003,1.9958913352183785,2.0394818413031697,3.278504579001066,1.8975295926915396,0.4915352649182049,0.5043560703001732,0.8440966708824301,0.4536730149882166,18,20116878870.38086,14.12086554693186,11.220913580318935,15.006276252199836,56.8617794962923,11.612313673640905,True,False,-0.002800318705291613,-0.0017318137461663774,4.882522491047253,0.0,0.0,0.9009384980113248,0.9778758677451119,4,15,3.066916549311466e-14,2.1507128676798496e-17,FABRICACION DE TUBOS VALVULAS ,"Fabricación de tubos, válvulas y otros compo",74.6240686140645,18023888411.844997
Argentina,2021,COU · prorrateo,107,MIP_Argentina_2021_LIBRO.xlsx,doméstica,8.331113576787175e-11,11.128578076994856,1.7576576590561823,1.7899131943067124,2.447844484649047,1.7217949393024774,0.43131204753117347,0.32634561152500846,0.8156567621854695,0.4142431369841637,16,32028362619.45732,2.028912206439674,2.051552424723754,3.579020292441952,1.938641824837008,0.4980743552291712,0.5308378512105031,0.922971034347671,0.4661151222977487,17,36038989729.68553,15.432729234039154,12.59423410910816,15.478887751952364,62.66125005631462,12.522110973577337,True,False,-0.002335520304473343,-0.0007953426558903465,5.878242641278715,0.0,0.0,0.9026920590136954,0.9740663087353529,5,16,3.015162432592022e-14,2.158533138488868e-17,FABRICACION DE TUBOS VALVULAS ,"Fabricación de tubos, válvulas y otros compo",98.38782761868988,32028362619.484
Argentina,2022,COU · prorrateo,107,MIP_Argentina_2022_LIBRO.xlsx,doméstica,7.549516567451064e-12,11.013075348724843,1.7626424305776278,1.7886176830959248,2.4706792854419595,1.728048097332412,0.4324255115807223,0.3302169189969057,0.7958637513159272,0.4154065585762862,17,57623105631.58864,2.0396003868122987,2.056511768568322,3.4106010805413725,1.9526532425484437,0.4983279582859582,0.5412724285263407,0.8494140731956226,0.46681752426459827,18,64754575863.14386,15.712656828753978,12.997621163598104,15.240184711658422,63.91420226757452,12.37606018174382,True,False,-0.0017510554144790497,-0.00020878564303891678,5.712289282906804,0.0,0.0,0.8926899037990557,0.9756240937414273,4,15,2.963152783594006e-14,3.437532231547571e-17,FABRICACION DE TUBOS VALVULAS ,"Fabricación de tubos, válvulas y otros compo",100.69728640630515,57623105631.592995
Argentina,2023,COU · prorrateo,107,MIP_Argentina_2023_LIBRO.xlsx,doméstica,7.704947790898586e-12,9.96902177111021,1.7730311159881862,1.7863862905532142,2.377446252825596,1.7294614858006208,0.43425079817961826,0.3387803178085681,0.8047289199489852,0.413969472176307,17,134053918.48025265,2.007625333648364,2.036323962874433,3.3174350932703405,1.9211588413377716,0.4917526974160571,0.5158726362323072,0.8726743888608162,0.45980781317720865,20,148897547.39689863,13.231252150328366,11.084222291796708,13.24163351627381,52.27349675130986,11.072879543489478,True,False,-0.0008612982162676391,-2.637482556003875e-05,5.930648964975107,0.0,0.0,0.9232057838123788,0.9763882901595016,5,9,3.003694751293342e-14,2.3008002690872016e-17,FABRICACION DE TUBOS VALVULAS ,"Fabricación de tubos, válvulas y otros compo",89.03175414466304,134053918.480263
Brasil,2010,MIP n67 · sin prorrateo,67,MIP_Brasil_2010_LIBRO.xlsx,doméstica,4.422795463199236e-10,10.936102340247643,1.8131768212708679,1.8192212789802555,2.5174009174075977,1.7458792143373478,0.4471223290246041,0.36605449224626385,0.8047874235604644,0.4111121128348335,11,2713231.0,2.0997942487396695,2.1083242160374955,3.0073085160511233,1.974830385305776,0.513687517420863,0.5861067313188068,0.8208860805514558,0.46159232150987883,12,3046387.0,15.807472503862563,13.113803583217942,14.887466824005568,60.11461236883342,12.27893975853882,False,False,0.0,0.0,0.0,0.0,0.0,0.9184691515683616,0.9650411046372418,6,10,3.527878674732692e-17,1.763939337366346e-17,2600,"Fabricação de equipamentos de informática, p",65.9797462317965,2713230.999988
Brasil,2011,COU n68 · prorrateo,68,MIP_Brasil_2011_LIBRO.xlsx,doméstica,7.201017560021228e-10,9.37808647974937,1.826852531265415,1.8445699408201068,2.4832733836911407,1.7596191515486148,0.4517756661902338,0.37507686507518123,0.784522330566102,0.41660006228767654,12,3099009.5425463156,2.0753332704698444,2.080855528283718,3.1185145260102027,1.9659438348892562,0.5048428491125314,0.5704904213573124,0.9258302505279136,0.45971227720167473,13,3419713.2041951446,13.601576205623612,11.725530672876449,11.746357073590596,52.09960263557234,10.348585806074052,False,False,0.0,0.0,0.0,0.0,0.0,0.9616368286445012,0.9785089895789593,7,10,3.521186906062464e-17,2.3474579373749764e-17,2091,Fabricação de químicos orgânicos e inorgânic,45.64550363392239,3099009.5425239997
Brasil,2012,COU n68 · prorrateo,68,MIP_Brasil_2012_LIBRO.xlsx,doméstica,3.469224907348689e-10,10.043833551931225,1.8335866882415284,1.8566675769386984,2.54962438438063,1.7601351328926023,0.4531951257009544,0.38039156254057405,0.8339610375467075,0.4157243300498348,11,3418914.395983861,2.1087453777680225,2.133264542635466,3.2761248714575517,1.9853369859401313,0.5109095532113607,0.5978358245566617,0.9947294836079481,0.46214100318495704,13,3800644.8373470674,15.006581978972623,12.794577463915102,12.735006234045375,57.163271594094375,11.165252976547734,False,False,0.0,0.0,0.0,0.0,0.0,0.9562163606519829,0.9770584418063136,7,7,2.831113977635072e-17,2.831113977635072e-17,2091,Fabricação de químicos orgânicos e inorgânic,49.40416460671927,3418914.395972
Brasil,2013,COU n68 · prorrateo,68,MIP_Brasil_2013_LIBRO.xlsx,doméstica,9.769962616701378e-11,10.729139038289937,1.830746693431483,1.854261988144469,2.518706215985314,1.7527043612303304,0.4525977678460124,0.378148925585471,0.8099185989384705,0.4119366689365784,12,3751129.0861433353,2.121250770468163,2.130708175279948,3.280240880060924,1.9923385507729825,0.5130645016994839,0.6081862687686789,0.9937427318987978,0.46144583405918493,14,4201963.603501331,15.868065094913252,13.672253852009497,13.359927544769533,60.83247303348844,12.018635109716103,False,False,0.0,0.0,0.0,0.0,0.0,0.9527808527694008,0.9750734816963772,7,9,2.5568696136699584e-17,2.5568696136699584e-17,2091,Fabricação de químicos orgânicos e inorgânic,52.20275983742842,3751129.086147
Brasil,2014,COU n68 · prorrateo,68,MIP_Brasil_2014_LIBRO.xlsx,doméstica,5.878408870785279e-10,10.553409731109442,1.8400900443465837,1.8602163228969837,2.5223071897345783,1.7566370323494531,0.45526751637094387,0.38482252797564004,0.8113769790178679,0.41212043844467616,10,4075193.610217044,2.1320377876168415,2.1317701489347036,3.258510753425864,1.9945065327630591,0.5158246470300873,0.6162131405867545,0.9617426285229911,0.46074471615494467,14,4556007.778459044,15.865948743499047,13.54118671262794,13.3014389302053,60.12917534437119,11.7985601232917,False,False,0.0,0.0,0.0,0.0,0.0,0.9591556285070809,0.9741573462610221,6,10,4.709188133070242e-17,2.354594066535121e-17,2091,Fabricação de químicos orgânicos e inorgânic,50.710836867834196,4075193.610241
Brasil,2015,MIP n67 · sin prorrateo,67,MIP_Brasil_2015_LIBRO.xlsx,doméstica,2.687849942617504e-10,13.054436950884906,1.8118490058991994,1.816747636327015,2.510686015532622,1.7262257657489266,0.4477649476358601,0.3640840582633393,0.7996504805891897,0.40016282123876534,11,4092532.0,2.1768601021916063,2.193966152401052,3.102196137553399,2.005200444451687,0.5303047545412549,0.6465553476503516,0.8203719885157904,0.4602452468019736,11,4707005.0,20.145778986216143,16.16096134341538,18.43373567788058,77.58408614054258,15.01449469423819,False,False,0.0,0.0,0.0,0.0,0.0,0.8955622954744992,0.9432915635725118,4,10,2.27658982838424e-17,2.27658982838424e-17,2600,"Fabricação de equipamentos de informática, p",79.43880116456394,4092532.000011
Brasil,2016,COU n68 · prorrateo,68,MIP_Brasil_2016_LIBRO.xlsx,doméstica,7.949640945525971e-10,9.691639609816871,1.8370215618746186,1.855857936648917,2.492698240678118,1.7335599948184761,0.46013072665223775,0.37689083522238076,0.7919604408517559,0.4052214904397942,12,4271881.01692896,2.099493954395601,2.1192041745326735,2.89754465221802,1.9321784416830283,0.5209501322240149,0.578543822171586,0.8355153955885055,0.44870872274616486,16,4730327.290266395,14.287932050897556,11.457258327269471,13.217853546595215,53.50434876725561,10.731719154177433,False,False,0.0,0.0,0.0,0.0,0.0,0.9387716150704278,0.9709890445470855,7,11,3.312872481733027e-17,3.312872481733027e-17,2600,"Fabricação de equipamentos de informática, p",46.15006569048424,4271881.016895
Brasil,2017,COU n68 · prorrateo,68,MIP_Brasil_2017_LIBRO.xlsx,doméstica,1.1118883591620943e-10,9.683393900583559,1.8379635890426111,1.8707278368827738,2.4515926351986144,1.73129268175077,0.45970339414372996,0.3782601948988812,0.7730218853616928,0.40355072635970723,14,4447543.451079945,2.0989008480476623,2.1463850813062213,2.9296942977489584,1.9322539313730882,0.5181973683729354,0.5807034796747267,0.8144554873277264,0.4468178597361119,16,4924391.696233902,14.197085326427628,11.607583844176839,12.724285914433953,53.51958453623804,10.721609589630177,False,False,0.0,0.0,0.0,0.0,0.0,0.940985609039203,0.9673626751154712,5,7,2.1126038766974224e-17,1.5844529075230668e-17,2600,"Fabricação de equipamentos de informática, p",49.353663689390984,4447543.451075
Brasil,2018,COU n68 · prorrateo,68,MIP_Brasil_2018_LIBRO.xlsx,doméstica,3.1024072200125374e-10,10.796457753312815,1.8453513690289218,1.8791030597725438,2.51670295313944,1.7564203337023578,0.457276724963185,0.38807464406573683,0.791971393780158,0.41109371551578083,13,4937239.634281683,2.1593519253469378,2.1575095064689807,3.1193895693177076,2.004736516041166,0.5226032712676992,0.6367486540792391,0.8149729784504038,0.46084909316596995,13,5534802.217414231,17.01575979447494,14.137628537662316,14.285998551484024,64.07891208975221,12.1031715573086,False,False,0.0,0.0,0.0,0.0,0.0,0.9257930297362292,0.9643852349505667,5,12,1.938638216403397e-17,2.907957324605096e-17,2600,"Fabricação de equipamentos de informática, p",59.33742060745655,4937239.634297
Brasil,2019,COU n68 · prorrateo,68,MIP_Brasil_2019_LIBRO.xlsx,doméstica,1.2615464228815654e-10,11.097473033089544,1.8472463163955084,1.8817174048212366,2.539353757223937,1.757094601882337,0.4589470315838394,0.38829928481166864,0.8275837560243284,0.41199539509780236,12,5249559.217298622,2.1729538301358566,2.20637452357448,3.0958268359405716,2.0134809126828386,0.5269758796603123,0.6459779504755441,0.84443270770358,0.4634237171359,14,5904848.148188757,17.632056475061454,14.591491575117278,14.82281034517281,66.36083962628302,12.48274195537773,False,False,0.0,0.0,0.0,0.0,0.0,0.9213650417986792,0.9652250257663091,6,14,1.827299189367253e-17,3.654598378734506e-17,2600,"Fabricação de equipamentos de informática, p",62.19985210121669,5249559.217292
Brasil,2020,COU n68 · prorrateo,68,MIP_Brasil_2020_LIBRO.xlsx,doméstica,2.550959443681222e-10,11.54775733716984,1.8479469692280617,1.8638661793794338,2.5518192108145197,1.7666185930792935,0.45779443695359445,0.3901525322744672,0.7915735415738808,0.4151428550225077,13,5524052.3195000915,2.1991011155482934,2.2134675846764087,3.1211876879631606,2.040559144458256,0.5312370565032801,0.6678640590450132,0.8534039111383189,0.4693412428274824,14,6245237.150805941,19.002393043070853,15.506490900306446,16.042706861711032,71.18024459602368,13.055358450535358,False,False,0.0,0.0,0.0,0.0,0.0,0.9001030652364773,0.9612169332366299,5,13,3.499531595745016e-17,2.624648696808762e-17,2600,"Fabricação de equipamentos de informática, p",73.20411652421421,5524052.319486
Brasil,2021,COU n68 · prorrateo,68,MIP_Brasil_2021_LIBRO.xlsx,doméstica,1.3322676295501878e-13,12.322256028846045,1.8933084073294788,1.929219495712958,2.65735884329543,1.8305409991854185,0.4685592482770649,0.424749159052414,0.817967820025778,0.43631041564085027,12,7234972.175995992,2.2975625539857365,2.285177383382395,3.2823553565011263,2.1697473619816736,0.5446121377495757,0.7529504162361613,0.840591712961963,0.4976296102969948,15,8251777.302089687,21.351732506510146,18.530388718264177,16.23122150553302,77.26943071904877,14.054029529888545,False,False,0.0,0.0,0.0,0.0,0.0,0.8818567011489864,0.9600335916326296,4,11,1.4041026341965416e-17,2.1061539512948122e-17,2600,"Fabricação de equipamentos de informática, p",88.45897844854413,7234972.175996001
Colombia,2014,COU · prorrateo,61,MIP_Colombia_2014_LIBRO.xlsx,doméstica,3.538946913295149e-09,11.228186785500894,1.744463897889395,1.7388828823154552,2.3332015189799566,1.705968223720074,0.4311221100169003,0.3133417878724946,0.8180726356926641,0.40838417981923675,8,547881.6814986109,1.9921100440735173,2.0342763019047125,2.941378321173297,1.9185574768049487,0.4951644118684966,0.4969456322050208,0.9090684463263812,0.46003811911835013,9,617179.7799992727,14.196117585680422,12.461501341525437,14.854794120646186,58.59539054115517,12.648369317826402,False,False,0.0,0.0,0.0,0.0,0.0,0.9103120042305656,0.9811210999471177,7,7,2.169363264375075e-17,2.169363264375075e-17,054,"Fabricación de vehículos automotores, remolq",45.49630562550967,547881.6815180001
Colombia,2015,COU · prorrateo,61,MIP_Colombia_2015_LIBRO.xlsx,doméstica,2.5148327864599196e-09,11.927572257499698,1.7550195617034539,1.7558949916091735,2.3478049260945975,1.7222890769175763,0.4333027675311764,0.3217167941722774,0.8085000608763473,0.4142202059978748,9,596867.2920709897,2.0237217300248647,2.0574179891748416,3.00723001801691,1.954739501884554,0.5019217932882,0.5217999367366652,0.9038719830753815,0.4703176880838819,11,677700.5101029649,15.310494206720037,13.496597527228115,15.836276825092366,62.19232137979236,13.542912990172894,False,False,0.0,0.0,0.0,0.0,0.0,0.9093072448439977,0.9822316234796403,7,11,1.514833549341353e-17,1.514833549341353e-17,054,"Fabricación de vehículos automotores, remolq",48.13105024897546,596867.292086
Colombia,2016,COU · prorrateo,61,MIP_Colombia_2016_LIBRO.xlsx,doméstica,1.6843415551193175e-09,11.238052483329419,1.7617954620544416,1.7714384377968038,2.350820503103118,1.7258335892830579,0.43576927616121525,0.3260261858932268,0.8305925021684367,0.4151609399406526,10,640885.1884692053,2.0107377500413723,2.050793845088223,2.9540991692125247,1.9372824149838894,0.501053554158006,0.5096841958833662,0.9208898804537535,0.4677240096187393,11,722026.9568204767,14.130033443078439,12.251982289246733,14.98138615275817,56.332287999187656,12.660889939598018,False,False,0.0,0.0,0.0,0.0,0.0,0.9203595980962453,0.9849286092014806,8,8,1.885325769058796e-17,2.827988653588194e-17,054,"Fabricación de vehículos automotores, remolq",48.70503847519354,640885.18848
Colombia,2017,COU · prorrateo,61,MIP_Colombia_2017_LIBRO.xlsx,doméstica,2.5226376543230344e-09,10.922232472299665,1.7595744558261912,1.7590132124063929,2.3953457908077973,1.7140205444760839,0.435971521918117,0.32360293390807415,0.8297648236977498,0.4105126572162057,11,664342.4854767589,2.0011105089843717,2.040864248186683,2.8873917412358563,1.9114002196366036,0.5008512680709832,0.5002592409133884,0.9144867529536495,0.46084749159047955,12,745800.5559806712,13.72695837669282,11.515595644208098,14.881647743278915,54.59045283424313,12.2614573483818,False,False,0.0,0.0,0.0,0.0,0.0,0.9097831835007931,0.9771549444738232,8,5,1.798393304229172e-17,2.697589956343758e-17,054,"Fabricación de vehículos automotores, remolq",49.43631346165368,664342.48546
Colombia,2018,COU · prorrateo,61,MIP_Colombia_2018_LIBRO.xlsx,doméstica,2.6205371206344807e-09,11.202832027849595,1.7510689285712582,1.7512574188559646,2.4160918024259037,1.7099391052569424,0.431826204691415,0.31924272387984287,0.8306838755587685,0.40853288349585637,11,707944.591145552,2.0029401956466377,2.014127932812448,2.8291240101995676,1.910726082230149,0.500080908448512,0.5028592871981256,0.9139731465251063,0.4600742262681003,11,797260.3263288597,14.383857937613431,11.742346634211609,15.806058783735022,57.51628763429315,12.616204191740831,False,False,0.0,0.0,0.0,0.0,0.0,0.8885774722369116,0.9793231094658909,8,8,3.358983718775079e-17,2.0993648242344246e-17,054,"Fabricación de vehículos automotores, remolq",55.87045653156858,707944.591127
Colombia,2019,COU · prorrateo,61,MIP_Colombia_2019_LIBRO.xlsx,doméstica,2.517985819849855e-10,11.488063294248619,1.7552687052804048,1.7511547814934467,2.380322036726578,1.7088738251597149,0.43355139097000805,0.321717314310397,0.8336817068386061,0.4077660981413139,11,757403.1001620928,2.0121070054828767,2.041314584098459,2.843682561316305,1.916002356879896,0.5027442159116693,0.5093627895712072,0.9192246789756024,0.4606905162372499,11,855707.2959322986,14.632420633366316,12.12076214584319,15.959543985512848,58.326197227845626,12.979111882320993,False,False,0.0,0.0,0.0,0.0,0.0,0.8911686938127974,0.9769962982548915,8,8,3.1337488277428083e-17,1.5668744138714042e-17,054,"Fabricación de vehículos automotores, remolq",56.10391463984138,757403.100164
Colombia,2020,COU · prorrateo,61,MIP_Colombia_2020_LIBRO.xlsx,doméstica,1.6945778114063614e-09,11.170933376508764,1.7727997498474068,1.7826412783011019,2.4512828539004636,1.712757273777717,0.4393427658604134,0.33345698398699364,0.8687678515438696,0.4085142296198399,11,715583.3461408739,2.0292782144271224,2.0349652343859566,2.87479192084949,1.9118441803196276,0.508239587699706,0.5210386267274164,0.9617243671894328,0.45988801317856753,11,805573.4157085409,14.46742445681144,11.623766519046663,15.681792712431353,56.253625429461486,12.575763543545504,False,False,0.0,0.0,0.0,0.0,0.0,0.8867794817556848,0.9764145954521416,8,7,1.6614876439114895e-17,1.6614876439114895e-17,054,"Fabricación de vehículos automotores, remolq",63.8357174155848,715583.3461529999
Colombia,2021,COU · prorrateo,61,MIP_Colombia_2021_LIBRO.xlsx,doméstica,2.1562862606572253e-09,12.541364307602354,1.7728276696728298,1.785955231822268,2.3721442689600125,1.7290563093235904,0.43611868425094097,0.3367089854218887,0.8661275028477204,0.4142608289744757,10,886543.0296551165,2.0725510927434008,2.0673738150073686,2.842213731845481,1.9723627243657091,0.512625951006694,0.5599251417367068,0.9617754492006827,0.4736648653330015,10,1013671.2317045432,16.906517660900676,14.0716305033062,17.5427629034419,66.29349556416896,14.33976668892003,False,False,0.0,0.0,0.0,0.0,0.0,0.8892649391856159,0.9774722369116867,6,9,2.0399309218012838e-17,1.3599539478675226e-17,054,"Fabricación de vehículos automotores, remolq",60.22572759597596,886543.029636
Colombia,2022,COU · prorrateo,61,MIP_Colombia_2022_LIBRO.xlsx,doméstica,1.674127503292766e-09,14.371687286745772,1.7565285339714118,1.765678202120692,2.3597078790652533,1.7255118144293333,0.4297240141480837,0.32680451982332853,0.8613189426619245,0.41369314968211235,11,1106531.9575094753,2.108692435989566,2.1103232301966868,2.905478298205592,2.020078930296043,0.5171825537789476,0.5915098822106186,0.9601212689412283,0.4831265927981758,11,1292250.1009858127,20.048857459886026,17.071289422850455,20.352257903074864,80.9980726491759,16.78380296348081,False,False,0.0,0.0,0.0,0.0,0.0,0.869381279746166,0.9705446853516656,6,11,2.1761785021662617e-17,1.0880892510831308e-17,054,"Fabricación de vehículos automotores, remolq",66.00640721251513,1106531.957528
Colombia,2023,COU · prorrateo,61,MIP_Colombia_2023_LIBRO.xlsx,doméstica,1.4127587988355117e-10,11.888803407640413,1.7784758017445932,1.787437638675544,2.3736945659127247,1.742327651051568,0.43667269695650157,0.34180310478809167,0.8736253299683866,0.4167831359051213,10,1183630.763319672,2.0617708391715888,2.0512324460157814,2.857858547596246,1.9749283640671376,0.5099465433864464,0.5518242957851426,0.9555800785357123,0.4730194935762136,9,1343337.5201969605,15.929091480980384,13.349998370007231,16.780038445418043,61.445079946613745,13.492954207219721,False,False,0.0,0.0,0.0,0.0,0.0,0.907562136435748,0.9783712321523004,6,11,3.074434891482898e-17,2.0496232609885986e-17,054,"Fabricación de vehículos automotores, remolq",55.04702182183651,1183630.763318
Colombia,2024,COU · prorrateo,61,MIP_Colombia_2024_LIBRO.xlsx,doméstica,2.3697710460623966e-10,10.961881918267402,1.7769644109361453,1.7904839585651364,2.3596091051515242,1.732855218882988,0.4374967262481663,0.339467684687979,0.8937218896685122,0.4126052031995978,10,1243328.8403239464,2.0349193046204728,2.0310091030566473,2.8195869329413537,1.9393662861867402,0.5056874377317012,0.5292318668887714,0.9570226760518767,0.46340287967547406,9,1396400.628304646,14.516604389866817,11.917387272369528,15.586564971198037,55.900514470240005,12.311448348677967,False,False,0.0,0.0,0.0,0.0,0.0,0.9125330512956107,0.9796404019037545,6,9,3.8633035734483547e-17,3.3803906267673105e-17,054,"Fabricación de vehículos automotores, remolq",51.52102517485878,1243328.840321
México,2013,COU · sin prorrateo,262,MIP_Mexico_2013_LIBRO.xlsx,doméstica,3.707478768433248e-10,32.51625728250964,1.517399155655699,1.5130991377753964,2.1980874034021483,1.4224938981190556,0.3580660475374369,0.15933310811826187,0.7458957690708111,0.29272416461126083,26,8091685.038000001,2.04449985821115,2.0025148010127394,3.8732200234973986,1.9433063279251186,0.49619192184375127,0.5483079363673989,0.9193465072217815,0.43376990194023857,40,11990569.450000003,34.73711584660006,36.61263014869351,38.575529642159914,244.1268063134927,48.18383802249029,False,False,0.0,0.0,0.0,0.0,0.0,0.6341209130145984,0.8957471106756121,0,75,1.263429471230263e-17,1.6845726283070172e-17,3343,Fabricación de equipo de audio y de video,243.66232204949944,8091685.03803
México,2008,MIP oficial INEGI,262,MIP_Mexico_2008_LIBRO_OFICIAL.xlsx,doméstica,0.0,29.7455162283489,1.5110348798145756,1.511734806686735,2.2350325852507273,1.443818450993554,0.3482066129383211,0.16282826687625454,0.8286799698484546,0.3023640060206205,25,6253663.606999999,1.9783112021618143,1.881336849911117,4.189804166573799,1.9055524064178526,0.4782681235412112,0.5000430786206032,0.9112171934523704,0.4303839268158278,38,8901444.109000001,30.92425784403996,31.980056433449743,37.35182095060563,207.09844685666496,42.33966948647869,False,False,-6.776263578034403e-21,0.0,0.0,0.0,0.0,0.5859153115805609,0.8915833265486715,0,92,3.3772014564746765e-17,6.754402912949353e-17,3343,Fabricación de equipo de audio y de video,284.75996373384174,6253663.606999999
México,2013,MIP oficial INEGI,262,MIP_Mexico_2013_LIBRO_OFICIAL.xlsx,doméstica,0.0,32.51625728250964,1.518498470529693,1.514623578272886,2.204104620324533,1.4232151989027007,0.358075035591076,0.16042343493861694,0.7458957690708118,0.2927246706239796,26,8091685.038,2.048464607963499,2.0070088783487883,3.888271300039985,1.946052305881469,0.4962036084916914,0.5522609994718081,0.919346507221781,0.4337706517693061,39,11990569.450000001,34.90066982082241,36.73633526271192,38.57531499580973,244.2520724500884,48.18383802249029,False,False,0.0,0.0,0.0,0.0,0.0,0.6334076307853679,0.8922470828220308,0,74,3.369151080630489e-17,5.896014391103357e-17,3343,Fabricación de equipo de audio y de video,244.88968947800012,8091685.038
México,2018,MIP oficial INEGI,263,MIP_Mexico_2018_LIBRO_OFICIAL.xlsx,doméstica,0.0,38.15300966069588,1.433759249166719,1.4279782017907152,2.099447967729387,1.383488774519696,0.3130031057165195,0.12075614345019973,0.6970509290239748,0.2767112560972146,34,11610594.598000001,2.0279032654385056,1.9989518774346011,3.6720741460594892,1.992868503683903,0.47281273483708847,0.5550905306014171,0.8627142241587177,0.44741264624054466,40,18773095.561,41.43959431244086,44.0465972971674,51.056882887706955,359.6789154916482,61.689355377491054,False,False,0.0,0.0,0.0,0.0,0.0,0.4315318892931872,0.9197209302325584,0,102,2.7744858077502404e-17,1.1097943231000962e-17,3341,Fabricación de computadoras y equipo perifér,210.0800843944605,11610594.598000001
Uruguay,2012,COU · prorrateo,107,MIP_Uruguay_2012_LIBRO.xlsx,doméstica,2.511324481702104e-10,17.26968967212523,1.6508005815045046,1.6117718460785433,2.3567568268917767,1.5583790088297842,0.4051407122942068,0.2456598692102979,0.9083504977959576,0.3559722074767648,13,668314.9864123217,2.005358766239028,1.9688644410443694,2.999346037431779,1.815169516707247,0.5059832483949037,0.499375517844124,1.1659002103258391,0.4302802758335903,14,807823.6184098329,21.477953709671382,16.47805228525836,24.890743645498326,103.27924111065614,20.874682572424085,True,False,-0.0050729568692417515,0.0,3.4326142021137214,0.0,0.0,0.8877525029879112,0.9500967402218903,4,25,2.7570136297498497e-14,2.3252856028252878e-17,D.2,"Fabricación de gas, distribución de combusti",93.02896916681667,668314.986414
Uruguay,2016,COU · prorrateo,95,MIP_Uruguay_2016_LIBRO.xlsx,doméstica,2.0641488518435835e-09,14.501786978169939,1.6685212528969053,1.6175199540702323,2.40636008469943,1.5722588568963685,0.40761896568963213,0.26090228720727315,0.7313848369944477,0.3588459145721578,14,997033.5509904197,1.9836923259459995,1.9256548978934043,2.9452949730584597,1.7966298161598087,0.49296689144275835,0.4907254345032404,0.9087779406064438,0.4197115961716469,14,1166145.4850943487,18.88924534235872,14.270611882978823,20.938163563790503,88.0878238960722,16.96150886155623,False,False,0.0,0.0,0.0,0.0,0.0,0.875125979843225,0.9515114187529308,5,17,2.0949727614331765e-17,2.0949727614331765e-17,D.2,"Fabricación de gas, distribución de combusti",96.91845037179935,997033.5510110001
Uruguay,2017,COU · origen medido,95,MIP_Uruguay_2017_LIBRO.xlsx,doméstica,6.479039527107489e-10,16.22768476941626,1.6022586970603803,1.560841111934362,2.2608694896565766,1.5350147037099144,0.3803830982720715,0.22187559878830834,0.7367359520394701,0.34378813696741733,11,1007728.8974144709,1.9694056616314044,1.9014619329794078,2.958588154271211,1.7682583548462554,0.48960124455621756,0.4798044170751868,0.8733457755701419,0.4103839508567224,12,1202937.8615604592,22.914337444048115,15.194880581444847,28.71267066814496,116.24929451253831,19.371178562690417,True,True,-0.003649631023448535,-0.00010796496094143959,14.382271468144046,0.0,0.0,0.819358902575588,0.9433086737729127,4,28,3.0282879269287847e-14,3.104739786067642e-14,C.23,Fabricación de abonos y compuestos de nitróg,76.87520881214327,1007728.897421
