pais,anio,archivo,estado_fuente,archivo_cou,unidad,productos,actividades,alerta_demanda_residual
Argentina,2004,Argentina\MIP_Argentina_2004_auditable.xlsx,OK_COU_ESTRICTO,data\processed\argentina\cou_argentina_2004.xlsx,Miles de millones de moneda local,272.0,162.0,
Argentina,2018,Argentina\MIP_Argentina_2018_auditable.xlsx,OK_COU_ESTRICTO,data\processed\argentina\cou_argentina_2018.xlsx,Miles de millones de moneda local,223.0,107.0,
Argentina,2019,Argentina\MIP_Argentina_2019_auditable.xlsx,OK_COU_ESTRICTO,data\processed\argentina\cou_argentina_2019.xlsx,Miles de millones de moneda local,224.0,107.0,
Argentina,2020,Argentina\MIP_Argentina_2020_auditable.xlsx,OK_COU_ESTRICTO,data\processed\argentina\cou_argentina_2020.xlsx,Miles de millones de moneda local,223.0,107.0,
Argentina,2021,Argentina\MIP_Argentina_2021_auditable.xlsx,OK_COU_ESTRICTO,data\processed\argentina\cou_argentina_2021.xlsx,Miles de millones de moneda local,222.0,107.0,
Argentina,2022,Argentina\MIP_Argentina_2022_auditable.xlsx,OK_COU_ESTRICTO,data\processed\argentina\cou_argentina_2022.xlsx,Miles de millones de moneda local,222.0,107.0,
Brasil,2000,Brasil\MIP_Brasil_2000_auditable.xlsx,OK_COU_ESTRICTO,data\processed\brasil_early\cou_brasil_early_2000.xlsx,Miles de millones de moneda local,107.0,51.0,
Brasil,2001,Brasil\MIP_Brasil_2001_auditable.xlsx,OK_COU_ESTRICTO,data\processed\brasil_early\cou_brasil_early_2001.xlsx,Miles de millones de moneda local,107.0,51.0,
Brasil,2002,Brasil\MIP_Brasil_2002_auditable.xlsx,OK_COU_ESTRICTO,data\processed\brasil_early\cou_brasil_early_2002.xlsx,Miles de millones de moneda local,107.0,51.0,
Brasil,2003,Brasil\MIP_Brasil_2003_auditable.xlsx,OK_COU_ESTRICTO,data\processed\brasil_early\cou_brasil_early_2003.xlsx,Miles de millones de moneda local,107.0,51.0,
Brasil,2004,Brasil\MIP_Brasil_2004_auditable.xlsx,OK_COU_ESTRICTO,data\processed\brasil_early\cou_brasil_early_2004.xlsx,Miles de millones de moneda local,107.0,51.0,
Brasil,2005,Brasil\MIP_Brasil_2005_auditable.xlsx,OK_COU_ESTRICTO,data\processed\brasil_early\cou_brasil_early_2005.xlsx,Miles de millones de moneda local,107.0,51.0,
Brasil,2006,Brasil\MIP_Brasil_2006_auditable.xlsx,OK_COU_ESTRICTO,data\processed\brasil_early\cou_brasil_early_2006.xlsx,Miles de millones de moneda local,107.0,51.0,
Brasil,2007,Brasil\MIP_Brasil_2007_auditable.xlsx,OK_COU_ESTRICTO,data\processed\brasil_early\cou_brasil_early_2007.xlsx,Miles de millones de moneda local,107.0,51.0,
Brasil,2008,Brasil\MIP_Brasil_2008_auditable.xlsx,OK_COU_ESTRICTO,data\processed\brasil_early\cou_brasil_early_2008.xlsx,Miles de millones de moneda local,107.0,51.0,
Brasil,2009,Brasil\MIP_Brasil_2009_auditable.xlsx,OK_COU_ESTRICTO,data\processed\brasil_early\cou_brasil_early_2009.xlsx,Miles de millones de moneda local,107.0,51.0,
Brasil,2010,Brasil\MIP_Brasil_2010_auditable.xlsx,OK_COU_ESTRICTO,data\processed\brasil\cou_brasil_2010.xlsx,Miles de millones de moneda local,128.0,68.0,
Brasil,2011,Brasil\MIP_Brasil_2011_auditable.xlsx,OK_COU_ESTRICTO,data\processed\brasil\cou_brasil_2011.xlsx,Miles de millones de moneda local,128.0,68.0,
Brasil,2012,Brasil\MIP_Brasil_2012_auditable.xlsx,OK_COU_ESTRICTO,data\processed\brasil\cou_brasil_2012.xlsx,Miles de millones de moneda local,128.0,68.0,
Brasil,2013,Brasil\MIP_Brasil_2013_auditable.xlsx,OK_COU_ESTRICTO,data\processed\brasil\cou_brasil_2013.xlsx,Miles de millones de moneda local,128.0,68.0,
Brasil,2014,Brasil\MIP_Brasil_2014_auditable.xlsx,OK_COU_ESTRICTO,data\processed\brasil\cou_brasil_2014.xlsx,Miles de millones de moneda local,128.0,68.0,
Brasil,2015,Brasil\MIP_Brasil_2015_auditable.xlsx,OK_COU_ESTRICTO,data\processed\brasil\cou_brasil_2015.xlsx,Miles de millones de moneda local,128.0,68.0,
Brasil,2016,Brasil\MIP_Brasil_2016_auditable.xlsx,OK_COU_ESTRICTO,data\processed\brasil\cou_brasil_2016.xlsx,Miles de millones de moneda local,128.0,68.0,
Brasil,2017,Brasil\MIP_Brasil_2017_auditable.xlsx,OK_COU_ESTRICTO,data\processed\brasil\cou_brasil_2017.xlsx,Miles de millones de moneda local,128.0,68.0,
Brasil,2018,Brasil\MIP_Brasil_2018_auditable.xlsx,OK_COU_ESTRICTO,data\processed\brasil\cou_brasil_2018.xlsx,Miles de millones de moneda local,128.0,68.0,
Brasil,2019,Brasil\MIP_Brasil_2019_auditable.xlsx,OK_COU_ESTRICTO,data\processed\brasil\cou_brasil_2019.xlsx,Miles de millones de moneda local,128.0,68.0,
Brasil,2020,Brasil\MIP_Brasil_2020_auditable.xlsx,OK_COU_ESTRICTO,data\processed\brasil\cou_brasil_2020.xlsx,Miles de millones de moneda local,128.0,68.0,
Brasil,2021,Brasil\MIP_Brasil_2021_auditable.xlsx,OK_COU_ESTRICTO,data\processed\brasil\cou_brasil_2021.xlsx,Miles de millones de moneda local,128.0,68.0,
Mexico,2008,Mexico\MIP_Mexico_2008_auditable.xlsx,OK_COU_ESTRICTO,data\processed\mexico\couref_mexico_2008.xlsx,Miles de millones de moneda local,262.0,262.0,
Mexico,2013,Mexico\MIP_Mexico_2013_auditable.xlsx,OK_COU_ESTRICTO,data\processed\mexico\couref_mexico_2013.xlsx,Miles de millones de moneda local,262.0,262.0,
Uruguay,2012,Uruguay\MIP_Uruguay_2012_auditable.xlsx,OK_COU_ESTRICTO_DEMANDA_RESIDUAL,data\processed\uruguay_cou_2012\cou_uruguay_cou_2012_2012.xlsx,Miles de millones de moneda local,134.0,107.0,"Gasto de consumo final, Formación bruta de capital"
Uruguay,2016,Uruguay\MIP_Uruguay_2016_auditable.xlsx,OK_COU_ESTRICTO,data\processed\uruguay\couref_uruguay_2016.xlsx,Miles de millones de moneda local,110.0,95.0,
Uruguay,2017,Uruguay\MIP_Uruguay_2017_auditable.xlsx,OK_COU_ESTRICTO_DEMANDA_RESIDUAL,data\processed\uruguay_cou\cou_uruguay_cou_2017.xlsx,Miles de millones de moneda local,110.0,95.0,"Gasto de consumo final, Formación bruta de capital"
